,CQ ID,Coverage,exp.,CQ,"Bibl. 
data","Music 
data","Ling. 
data","User 
data","Main 
entities","Additional 
entities/props","Include
in indexes",Input,Path,Output,"Web 
page","Search 
interface",Visual.,"Viz. 
type","Results 
aggregation","Aggregation
type",Notes
Carolina,Carolina1-CQ1,full,-,Where was a musical composition performed?,yes,no,no,no,"Musical performance: musical composition, place",,yes,Music work,has performance > Musical performance > place of performance,Place,maybe,no,yes,map,yes,by country,
Carolina,Carolina1-CQ12,full,-,Which is the medium of performance of a musical composition?,yes,no,no,no,"Musical performance: musical composition, mediums of performance collection",,yes,Music work,medium of performance,Medium of performance,yes,no,no,,yes,by frequency,
Carolina,Carolina1-CQ13,full,-,Which was the first medium of performance of a musical composition?,yes,no,no,no,"Musical performance: musical composition, mediums of performance collection",,yes,Music work,has performance > Musical performance > medium of performance,Medium of performance,maybe,no,yes,timeline,yes,by performance,
Carolina,Carolina1-CQ14,full,-,Which instruments are involved in a musical composition?,yes,no,no,no,Musical performance: musical composition,Musical performance: hasPerformerSituation; PerformerSituation: hasInstrumentOrVoice,no,Music work,has performance > Musical performance > hasPerformerSituation > PerformerSituation > hasInstrumentOrVoice,Instrument,yes,no,no,,no,,
Carolina,Carolina1-CQ17,full,-,Which is/are the composer(s) of a musical composition?,yes,no,no,no,Music work: composer,,yes,Music work,composer,Agent,yes,yes,no,,no,,
Carolina,Carolina1-CQ2,full,-,In which buildings was a musical composition performed?,yes,no,no,no,"Musical performance: musical composition, place",Musical performance: building (subproperty of place),no,Music work,has performance > Musical performance > place of performance,Place,no,yes,yes,map,yes,by country,
Carolina,Carolina1-CQ22,full,-,When was a musical composition performed?,yes,no,no,no,Musical performance: musical composition,Musical performance: date,no,Music work,has performance > Musical performance > date,Timespan,no,yes,yes,timeline,no,,
Carolina,Carolina1-CQ3,full,-,Where was a musical composition performed for the first time?,yes,no,no,no,"Musical performance: musical composition, place",Musical performance: date,no,Music work,has performance > Musical performance > place of performance,Place,no,yes,yes,map,yes,by timespan,
Carolina,Carolina1-CQ4,full,-,In which buildings was a musical composition performed for the first time?,yes,no,no,no,"Musical performance: musical composition, place","Musical performance: date, building (subproperty of place)",no,Music work,has performance > Musical performance > place of performance,Place,no,yes,yes,map,yes,by timespan,
Carolina,Carolina1-CQ5,full,-,"Which performers (musicians, singers) have performed a musical composition?",yes,no,no,no,"Musical performance: musical composition, performer",,yes,Music work,has performance > Musical performance > performer,Agent,no,yes,no,,,,
Carolina,Carolina1-CQ6,full,-,"Which performers (musicians, singers) have performed a musical composition for the first time?",yes,no,no,no,"Musical performance: musical composition, performer",Musical performance: date,no,Music work,has performance > Musical performance > performer,Agent,no,yes,no,,yes,by timespan,
Carolina,Carolina1-CQ10,partial,-,In which historical documents is there evidence of reception of a musical composition?,yes,no,yes,no,Music work: source; Source: type,,no,Music work,is subject of,Source,maybe,no,no,,yes,by timespan,
Carolina,Carolina1-CQ11,partial,-,In which bibliographic references is there evidence of reception of a musical composition?,yes,no,yes,no,Music work: source; Source: type,,no,Music work,is subject of,Source,maybe,no,no,,yes,by timespan,seems a duplicate of CQ10
Carolina,Carolina1-CQ15,partial,-,Which voices are involved in a musical composition?,yes,yes,no,no,Musical performance: musical composition,Musical performance: hasPerformerSituation; PerformerSituation: hasInstrumentOrVoice,no,Music work,medium of performance,Medium of performance,yes,no,no,,,,
Carolina,Carolina1-CQ16,partial,-,In which tonality was written a musical composition for the first time?,yes,yes,no,no,Music work: date,Music feature: parent work,no,Music work,source > Source > subject > Music work > has feature,Music feature,yes,no,yes,timeline,yes,by timespan,
Carolina,Carolina1-CQ18,partial,-,Who has spoken about a musical composition?,yes,no,yes,no,Music work: source; Source: creator,,no,Music work,is subject of > Source > created by,Agent,no,yes,no,,yes,by agent,
Carolina,Carolina1-CQ19,partial,-,Who has spoken about a musical performance?,yes,no,yes,no,Source:creator,Musical performance: subject of,no,Musical performance,is subject of > Source > created by,Agent,no,yes,no,,yes,,
Carolina,Carolina1-CQ7,partial,-,In which scores is there evidence of a musical composition?,yes,yes,yes,no,Music work: source; Source: type,,no,Music work,is subject of,Source,yes,no,no,,yes,by agent,
Carolina,Carolina1-CQ8,partial,-,In which historical documents is there evidence of a musical composition?,yes,no,yes,no,Music work: source; Source: type,,no,Music work,is subject of,Source,yes,no,no,,yes,by agent,
Carolina,Carolina1-CQ9,partial,-,In which bibliographic references is there evidence of a musical composition?,yes,no,yes,no,Music work: source; Source: type,,no,Music work,is subject of,Source,yes,no,no,,yes,by agent,
David,David1-CQ1,full,-,What music was being played?,yes,no,no,no,Musical performance: musical composition,,yes,Source,subject,Music work,maybe,yes,no,,yes,by frequency,
David,David1-CQ12,full,A,Who is the composer of a piece of music?,yes,no,no,no,Musical performance: musical composition; Music work: composer,,yes,Music work,composer,Agent,yes,no,no,,no,,
David,David1-CQ14,full,-,What was the country of origin of a piece of music?,yes,no,no,no,Music work: place of production,,yes,Music work,place of production,Place,maybe,yes,no,,no,,
David,David1-CQ3,full,-,How did the instruments used change over time?,yes,no,no,no,,"Musical performance: hasPerformerSituation, date; PerformerSituation: hasInstrumentOrVoice",no,Musical performance,hasPerformerSituation > PerformerSituation > hasInstrumentOrVoice,Instrument,maybe,yes,yes,timeline,yes,by frequency,
David,David1-CQ5,full,-,Where were the musicians coming from?,yes,no,no,no,,Performer: birthplace,no,Musical performance,hasPerformerSituation > PerformerSituation > performer > Agent > birthplace,Place,maybe,yes,yes,map,yes,by frequency,
David,David1-CQ7,full,-,Where were the places (in which they played)?,yes,no,no,no,"Musical performance: place, performer",,yes,Agent,hasInstrumentOrVoice (inverse) > Musical performance > place of performance,Place,maybe,yes,yes,map,yes,by frequency,
David,David1-CQ10,partial,-,How does the world of brass bands connect with that of elite music?,yes,yes,yes,yes,,_vague,no,,,,,,,,,,This is a high level research aim not suitable as a CQ
David,David1-CQ15,partial,-,"What is the cause of a change, e.g. increasing number of concerts over time?",yes,yes,yes,no,,_vague,no,,,,,,,,,,But could be reformulated as a CQ such as what was the frequency of concerts over time
David,David1-CQ2,partial,-,Who was listening to the music?,yes,no,yes,no,Source: creator,is subject of > Source > audience,no,Musical performance,is subject of > Source > audience,Agent,maybe,yes,maybe,bar chart,yes,by frequency,
David,David1-CQ6,partial,-,Who were teaching the musicians?,yes,no,yes,no,,Musical performance: audience,no,Agent,hasInstrumentOrVoice (inverse) > Musical performance > audience,Annotation,no,yes,yes,bar chart,yes,by frequency,
Keith,Keith1-CQ1,partial,-,Can we find connection (relations) between different artists and music?,yes,yes,yes,no,"Music work: composer; Musical performance: performer, musical composition",_vague,yes,Music work,any,Music work,maybe,yes,yes,graph network,maybe,by frequency,
Keith,Keith1-CQ3,partial,-,"Can we visualize the relations between different media, different music etc?",yes,yes,yes,,"Music work: composer, place of production, date; Musical performance: performer, musical composition, place",,yes,Music work,any,Music work,maybe,yes,yes,graph network,maybe,by frequency,
Keoma,Keoma1-CQ1,full,-,Where is the Bell Tower?,yes,no,no,no,,Instrument: current place,no,Instrument,current place,Place,yes,,yes,map,no,,
Keoma,Keoma1-CQ2,full,R,What repertoire is traditionally performed in a specific location?,yes,no,no,no,"Musical performance: musical composition, place",,yes,Place,place of performance (inverse) > Musical performance > has performance (inverse) > Music work > part of,Collection,no,yes,no,,yes,by frequency,
Keoma,Keoma1-CQ2,full,-,What kind of repertoire is traditionally performed in that specific location?,yes,no,no,no,"Musical performance: musical composition, place",new property to describe 'kind' of repertoire,no,Place,place of performance (inverse) > Musical performance > has performance (inverse) > Music work > part of > Collection > type,Type,no,yes,no,,yes,by frequency,
Keoma,Keoma1-CQ3,full,-,What is the dating that accompanies a repertoire?,yes,no,no,no,"Musical performance: musical composition, place",Musical performance: date,no,Collection,composition > Music work > has performance > Musical performance > date,Timespan,yes,yes,yes,timeline,yes,by frequency,
Keoma,Keoma1-CQ4,full,-,Is it a repertoire performed in the contemporary world?,yes,no,no,no,"Musical performance: musical composition, place",Musical performance: date,no,Collection,composition > Music work > has performance > Musical performance > date,Timespan,yes,yes,yes,timeline,yes,by frequency,
Keoma,Keoma1-CQ4,full,R,"Is it a repertoire currently performed, or was it performed only in the past?",yes,no,no,no,Musical performance: musical composition,Musical performance: date,no,Collection,composition > Music work > has performance > Musical performance > date,Timespan,yes,yes,yes,timeline,yes,by frequency,
Keoma,Keoma1-CQ6,full,-,How many people are generally employed for the performance of these sound practices?,yes,no,no,no,"Musical performance: place, performer",,yes,Musical performance,hasInstrumentOrVoice,Agent,yes,no,no,,yes,by count ,
Keoma,Keoma1-CQ6,full,R,How many performers (or bell ringers?) are generally employed for the performance of these sound practices?,yes,no,no,no,"Musical performance: place, performer",,yes,Musical performance,hasInstrumentOrVoice,Agent,yes,no,yes,timeline,yes,by count ,
Keoma,Keoma1-CQ5,partial,-,Is it a repertoire in that place currently performed by hand or by electric means?,yes,yes,yes,no,"Musical performance: musical composition, place; Instrument: type",Musical performance: date; PerformerSituation:  hasInstrumentOrVoice,no,Place,place of performance (inverse) > Musical performance > hasInstrumentOrVoice ,Medium of performance,yes,no,no,,yes,by performance,
Keoma,Keoma1-CQ8,partial,-,Are there historical evidences of the presence of that sound in the surrounding area?,yes,no,yes,no,,_vague,no,Music work,is subject of,Source,yes,maybe,no,,yes,by timespan,
Mark,Mark1-CQ2,full,A,Which is the country of origin of a composition?,yes,no,no,no,Music work: place of production,,yes,Music work,place of production,Place,yes,no,no,,no,,
Mark,Mark1-CQ2,full,C,Which is the collection a composition is member of?,yes,no,no,no,,Collection: composition,no,Music work,part of,Collection,yes,no,no,,no,,
Mark,Mark1-CQ5,full,B,Which tunes share their geographical origin?,yes,no,no,no,Music work: place of production,,yes,Music work,place of production,Place,no,yes,maybe,map,yes,by country,I'm assuming this will be done at a Collection level (possibly a collection compiled by the user themselves). You could do it over the whole Polifonia database too in theory
Mark,Mark2-CQ10,full,-,"Can we visualize change of a network over time, e.g. with a slider, and do this in a way such as to see the change without having to remember previous states?",yes,no,no,yes,,_vague,no,,,,,,,,,,I see this more as an additional feature of the network visualisation
Mark,Mark2-CQ6,full,-,"Can we see interconnections between organs, e.g. same builder",yes,no,no,no,"Instrument: builder, type",,yes,Instrument,builder > Agent > builder(inverse),Instrument,maybe,maybe,maybe,graph network,maybe,,
Mark,Mark2-CQ6,full,R,Which is the builder of an organ?,yes,no,no,no,Instrument: builder,,yes,Instrument,builder,Agent,yes,no,no,,no,,
Mark,Mark2-CQ7,full,A,Where has an organ been built?,yes,no,no,no,Instrument: place of production,,yes,Instrument,place of production,Place,yes,no,no,,no,,
Mark,Mark2-CQ7,full,C,When has an organ been built?,yes,no,no,no,Instrument: date,,yes,Instrument,date,Timespan,yes,no,no,,no,,
Mark,Mark2-CQ7,full,-,"Can we identify organs through a characteristic, e.g. oldest organ in the Netherlands with a keyboard to G3?",yes,no,no,no,Instrument: date,"Instrument: current place, chromatic range",no,Annotation,any,Instrument,no,yes,maybe,,maybe,,
Mark,Mark2-CQ7,full,B,Where is an organ located?,yes,no,no,no,,Instrument: current place,no,Instrument,current place,Place,yes,no,maybe,map,no,,
Mark,Mark2-CQ7,full,D,What is the chromatic range of an organ?,yes,no,no,no,,Instrument:  chromatic range,no,Instrument,chromatic range,Annotation,yes,no,no,,no,,
Mark,Mark2-CQ8,full,R,Which are the materials of an organ?,yes,no,no,no,Instrument: material,,yes,Instrument,material,Annotation,yes,no,no,,no,,
Mark,Mark2-CQ8,full,-,Can we ask technical questions about the construction of the organ and which materials were made?,yes,no,no,yes,Instrument: material,,no,Instrument,material,Annotation,yes,no,no,,no,,I though we were not including this CQ in the portal?
Mark,Mark2-CQ9,full,-,"Can we observe and understand trends in organs over time, e.g. how one tradition (German) influences or replaces another (Dutch) and why?",yes,no,no,yes,,_vague,no,,,,,,,,,,
Mark,Mark1-CQ1,partial,-,"Can we identify a tune (e.g. from an oral tradition) in our collection with music in another documented collection, e.g. RISM, NEUMA, ABC",yes,yes,no,no,,Collection: composition; Music feature: parent work,no,Collection,composition > Music work > has feature > Music feature > has feature (inverse),Music work,no,yes,no,,yes,by collection,
Mark,Mark1-CQ2,partial,-,"Can we compare music from different collections, e.g. from different countries to show connections/influences between musical styles?",yes,yes,no,no,Music work: place of production,Collection: composition; Music feature: parent work,no,Collection,composition > Music work > any > Music work > part of,Collection,no,maybe,maybe,graph network,yes,multiple,input is multiple collections - user should be able to select
Mark,Mark1-CQ2,partial,B,Which is the musical style of a composition?,yes,yes,no,no,Music work: genre,Music work: style,no,Music work,style,Annotation,yes,no,no,,no,,
Mark,Mark1-CQ3,partial,-,"Can we compare music longitudinally, e.g. to see evolution of tonality and transition from modal to tonal? Working either at manuscript or collection level.",yes,yes,no,no,Music work: date,Collection: composition; Music feature: parent work,no,Music work,has feature > Music feature,Music feature,maybe,maybe,yes,bar chart,yes,by frequency,"can also be at Collection level. I guess if at manuscript level, they would want to select multiple works?? I'm assuming here we would show some visualisation of the statistics of the musical features, but this needs much more clarification"
Mark,Mark1-CQ4,partial,-,"Can we visualize changes in musical form over time, e.g. transition from modal to tonal (evolution curves - see Weiss et al. 2018 ‘Investigating style evolution of Western classical music: A computational approach’) - with zooming",yes,yes,no,no,Music work: date,Music feature: parent work,no,Collection,composition > Music work > has feature,Music feature,maybe,maybe,yes,timeline,maybe,,I'm assuming this will be done at a Collection level (possibly a collection compiled by the user themselves)
Mark,Mark1-CQ5,partial,-,"Can we visualize interconnections, e.g. of tunes which share melodic patterns or geographical origin?",yes,yes,no,no,Music work: place of production,Music feature: parent work,no,Music work,place of production > Place > place of production (inverse),Music work,maybe,maybe,yes,graph network,maybe,multiple,
Ortenz,Ortenz1-CQ1,full,B,Which is the role of the creator of an official source?,yes,no,no,no,Source: creator; Performer: role,,yes,Source,created by > Agent > role,Annotation,maybe,yes,no,,no,,
Ortenz,Ortenz1-CQ10,full,-,When was the source produced?,yes,no,no,no,,Source:date,no,Source,date,Timespan,yes,maybe,no,,no,,
Ortenz,Ortenz1-CQ11,full,-,Where was the source produced?,yes,no,no,no,Source: place of production,,yes,Source,place of production,Place,yes,yes,maybe,map,no,,
Ortenz,Ortenz1-CQ12,full,-,Who produced the source?,yes,no,no,no,Source: creator,,yes,Source,created by,Agent,yes,yes,no,,no,,
Ortenz,Ortenz1-CQ13,full,-,"What type of source is it? E.g. Literary text, painting",yes,no,no,no,Source: type,,yes,Source,type,Type,yes,yes,no,,no,,
Ortenz,Ortenz1-CQ3,full,A,Which is the occupation of the creator of a source?,yes,no,no,no,Source: creator,Performer: occupation,no,Source,created by > Agent > role,Annotation,maybe,yes,no,,no,,
Ortenz,Ortenz2-CQ20,full,-,What places did musician Z visited in her career?,yes,no,no,no,"Musical performance: place, performer; Place: name",Performer: places,no,Agent,performer (inverse) > Musical performance > place of performance,Place,maybe,yes,maybe,map,maybe,by country,similar to Ortenz2-CQ21/22
Ortenz,Ortenz2-CQ21,full,-,Where did she perform?,yes,no,no,no,"Musical performance: place, performer",,yes,Agent,performer (inverse) > Musical performance > place of performance,Place,maybe,yes,maybe,map,maybe,by country,similar to Ortenz2-CQ20/22
Ortenz,Ortenz2-CQ22,full,-,Where did she live?,yes,no,no,no,,Performer: places,no,Agent,places,Place,maybe,yes,maybe,map,maybe,by country,similar to Ortenz2-CQ20/21
Ortenz,Ortenz2-CQ23,full,A,Did musician X and performer Y ever met?,yes,no,no,no,Musical performance: performer,,yes,Agent,performer (inverse) > Musical performance > performer,Agent,no,yes,maybe,graph network,maybe,by frequency,
Ortenz,Ortenz2-CQ23,full,B,Where did musician X and performer Y met?,yes,no,no,no,"Musical performance: place, performer",,yes,Agent,performer (inverse) > Musical performance > place of performance,Place,no,yes,maybe,map,no,,
Ortenz,Ortenz2-CQ23,full,C,When did musician X and performer Y meet?,yes,no,no,no,Musical performance: performer,Musical performance: date,no,Agent,performer (inverse) > Musical performance > date,Timespan,no,yes,maybe,timeline,maybe,by frequency,
Ortenz,Ortenz1-CQ1,partial,-,"What are the aspects that characterize an official source? E.g. context of production, creator’s role, relation between the source and political or national events",yes,no,yes,no,Source: creator; Performer: occupation,_vague,no,Source,any,Annotation,no,yes,maybe,,maybe,,
Ortenz,Ortenz1-CQ1,partial,A,Which is the context of production of an official source?,yes,no,yes,no,Source: creator; Performer: occupation,_vague,no,Source,any,Annotation,no,yes,maybe,map,no,,
Ortenz,Ortenz1-CQ1,partial,C,Which is the relation between the source and political/national events?,yes,no,yes,no,Source: date,_vague,no,Source,any,Annotation,maybe,yes,maybe,timeline,no,,
Ortenz,Ortenz1-CQ14,partial,-,"What is the context of production of the source? E.g. academic, official source, personal or primary source, commission to an artist",yes,no,yes,no,"Source: creator, type",,no,Source,any,Annotation,maybe,yes,no,,no,,how is this different from Ortenz-CQ1A?
Ortenz,Ortenz1-CQ15,partial,-,"Are there related events connected to the production of the source? E.g. national fests, war period, political or historical events",yes,no,yes,no,Source: place of production,Source: date,no,Source,related to,Event,maybe,yes,maybe,graph network,no,,
Ortenz,Ortenz1-CQ16,partial,-,"What is context of usage of the source? E.g. propaganda, personal account, review of an event, teaching",yes,no,yes,no,"Source: creator, type",Source: audience,no,Source,audience,Annotation,maybe,yes,no,,no,,
Ortenz,Ortenz1-CQ17,partial,-,How subjects/goals/contexts of usage change over time?,yes,no,yes,no,,"Source:hasSubject, date",no,Source,any,Annotation,maybe,yes,yes,timeline,yes,by timespan,
Ortenz,Ortenz1-CQ19,partial,-,To what extent are music subjects relevant (among the others) in official sources targeted to children?,yes,no,yes,no,"Source: place of production, type; Performer: role","Source:hasSubject, date",no,Source,subject,Annotation,maybe,yes,no,,maybe,by frequency,
Ortenz,Ortenz1-CQ2,partial,-,What are the official sources?,yes,no,yes,no,Source: creator; Performer: occupation,_vague,no,Source,created by > Agent > role,Annotation,maybe,yes,no,,maybe,by timespan,not sure what 'official' means here; results aggregation could be by a variety of dimensions
Ortenz,Ortenz1-CQ2,partial,A,What are the sources produced by ordinary people?,yes,no,yes,no,Source: creator; Performer: occupation,_vague,no,Source,created by > Agent > role,Annotation,maybe,yes,no,,no,,
Ortenz,Ortenz1-CQ3,partial,-,"What are the aspects that characterize the source at hand as trustworthy? E.g. context of production, creator’s occupation",yes,no,yes,no,Source: creator; Performer: occupation,_vague,no,Source,any,Annotation,maybe,yes,no,,no,,"do we need this - is it not covered by individual items, e.g. creator > creator's role"
Ortenz,Ortenz1-CQ3,partial,B,Which is the context of production of a source?,yes,no,yes,no,"Source: creator, place of production; Performer: occupation",_vague,no,Source,place of production > Place; date > Timespan ; created by > Agent > role > Annotation,property value,maybe,yes,no,,no,,this is a repeat of Ortenz1-CQ14; I have completed it in the same way
Ortenz,Ortenz1-CQ6,partial,-,In which source there is evidence of children as target audience and music as subject?,yes,no,yes,no,,"Source:hasSubject, audience",no,Agent,audience (inverse),Source,maybe,yes,no,,no,,
Ortenz,Ortenz1-CQ7,partial,-,What are the subjects of the source?,yes,no,yes,no,,Source:hasSubject,no,Source,subject,Annotation,yes,yes,no,,no,,
Ortenz,Ortenz1-CQ8,partial,-,What are the subjects that are related to national identity?,yes,no,yes,no,,Source:hasSubject,no,Source,subject > Annotation > relates to,Annotation,maybe,yes,no,,maybe,by frequency,very similar to Ortenz1-CQ9
Ortenz,Ortenz1-CQ9,partial,-,What are the subjects that are related to national heritage?,yes,no,yes,no,,Source:hasSubject,no,Source,subject > Annotation > relates to,Annotation,maybe,yes,no,,maybe,by frequency,very similar to Ortenz1-CQ8
Ortenz,Ortenz2-CQ23,partial,-,"Did musician X and performer Y ever met? Where, when, and why?",yes,no,yes,no,"Musical performance: place, performer, date",,no,Agent,performer (inverse) > Musical performance > performer,Agent,no,yes,maybe,graph network,maybe,by timespan,
Ortenz,Ortenz2-CQ23,partial,D,Why did musician X and performer Y met?,yes,no,yes,no,"Musical performance: place, performer, date",,no,Agent,performer (inverse) > Musical performance > type,Type,no,yes,maybe,graph network,maybe,by performance,
Ortenz,Ortenz2-CQ24,partial,-,In what context the meeting happened?,yes,no,yes,no,"Musical performance: place, performer, date",,no,Agent,performer (inverse),Musical performance,no,yes,maybe,graph network,maybe,by performance,what does this add over Ortenz2-CQ23?
Ortenz,Ortenz2-CQ25,partial,-,What is the nature of the event?,yes,no,yes,no,"Musical performance: place, performer, date",Musical performance: type,no,Musical performance,type,Type,yes,yes,no,,,,
Ortenz,Ortenz2-CQ26,partial,-,"Was it a celebration, a festival, a private event?",yes,no,yes,no,"Musical performance: place, performer, date",Musical performance: type,no,Musical performance,type,Type,yes,yes,no,,,,
Ortenz,Ortenz2-CQ26,partial,A,Which is the type of the event?,yes,no,yes,no,"Musical performance: place, performer, date",Musical performance: type,no,Musical performance,type,Type,yes,yes,no,,,,
Ortenz,Ortenz2-CQ27,partial,-,Was it a religious or a secular event?,yes,no,yes,no,"Musical performance: place, performer, date",Musical performance: type,no,Musical performance,type,Type,yes,yes,no,,,,"I think CQ25, 26 and 27 could be combined; I have answered them all in the same way"
Ortenz,Ortenz2-CQ28,partial,-,Who paid to support the event?,yes,no,yes,no,,Musical performance: commissioner,no,Musical performance,commissioner,Agent,maybe,yes,no,,no,,
Ortenz,Ortenz2-CQ29,partial,-,What is the provenance of the event attendees? What and how they happened to be there?,yes,no,yes,no,,Musical performance: audience,no,Musical performance,audience,Annotation,maybe,yes,no,,maybe,,this is a generalization of CQ6
Ortenz,Ortenz2-CQ30,partial,-,Did they travel to reach the place?,yes,no,yes,no,,_vague,no,Musical performance,audience,Annotation,no,yes,maybe,map,maybe,by country,specialization of CQ29
Ortenz,Ortenz2-CQ31,partial,-,Where they invited? Was the meeting accidental?,yes,no,yes,no,,_vague,no,Musical performance,audience,Annotation,no,yes,no,,no,,
Ortenz,Ortenz2-CQ32,partial,-,How can we characterize the relation among the participants?,yes,no,yes,no,,_vague,no,Agent,audience,Annotation,no,yes,maybe,graph network,no,,
Ortenz,Ortenz2-CQ33,partial,-,Was there a power relation? (e.g. Patron / Musician),yes,no,yes,no,,_vague,no,Agent,any,Agent,no,yes,maybe,graph network,no,,specialization of CQ32
Patrizia,Patrizia1-CQ1,full,-,Where is the Bell Tower?,yes,no,no,no,,Instrument: current place,no,Instrument,current place,Place,yes,yes,yes,map,no,,
Patrizia,Patrizia1-CQ2,partial,-,What kind of execution characterizes that bell tower?,yes,no,yes,no,,_vague,no,Instrument,hasInstrumentOrVoice (inverse) > Musical performance > type,Type,yes,yes,no,,yes,by count ,
Patrizia,Patrizia1-CQ3,partial,-,Are there formalized collective actors who carry out sound practices?,yes,no,yes,no,"Musical performance: place, performer",,yes,Instrument,hasInstrumentOrVoice (inverse) > Musical performance > performer,Agent,yes,no,no,,yes,by frequency,
Patrizia,Patrizia1-CQ5,partial,-,Which age groups do the transmission practices involve?,yes,no,yes,no,,Musical performance: audience,no,Instrument,hasInstrumentOrVoice (inverse) > Musical performance > performer,Agent,maybe,no,yes,bar chart,yes,by frequency,
Patrizia,Patrizia1-CQ6,partial,-,Do transmission practices involve both men and women?,yes,no,yes,no,,Musical performance: audience,no,Instrument,hasInstrumentOrVoice (inverse) > Musical performance > performer,Agent,maybe,no,yes,bar chart,yes,by frequency,
Patrizia,Patrizia1-CQ7,partial,-,Do transmission practices include the organization of public events?,yes,no,yes,no,,Musical performance: audience,no,Instrument,hasInstrumentOrVoice (inverse) > Musical performance > performer,Agent,maybe,no,yes,bar chart,yes,by frequency,
Patrizia,Patrizia1-CQ8,partial,Added,Which is the type of the transmission practice?,yes,no,yes,no,,_vague,no,,,,,,,,,,unclear
Sethus,Sethus1-CQ3.1,full,-,Where does the work appear within the cycle?,yes,no,no,no,,Collection: composition,no,Music work,part of,Collection,yes,no,no,,no,,
Sethus,Sethus1-CQ3.2,full,-,What do we know about this cycle and its place in Lassus' output,yes,no,no,no,,Collection: all,no,Collection,any,Annotation,yes,no,maybe,,maybe,,
Sethus,Sethus1-CQ3.2,full,R,What do we know about this cycle and its place in a composer output?,yes,no,no,no,,Collection: all,no,Collection,any,Annotation,yes,no,maybe,,maybe,,
Sethus,Sethus1-CQ3.3,partial,-,Which poetic text is set to music?,yes,no,yes,no,,Music work: text,no,Music work,text,Annotation,,,,,,,
Sethus,Sethus1-CQ3.4,partial,-,Has this poetic text been set to music before?,yes,no,yes,no,,Music work: text,no,Annotation,text (inverse),Music work,yes,yes,maybe,timeline,yes,by timespan,
Sethus,Sethus1-CQ4.1,partial,-,Is the modal ambiguity observed here frequent in Lasso’s output?,yes,yes,no,yes,Music work: composer,,no,Music feature,has feature (inverse),Music work,yes,no,yes,bar chart,yes,by frequency,
Sethus,Sethus1-CQ4.1,partial,R,Is the modal ambiguity observed frequent in a composer output?,yes,yes,no,yes,Music work: composer,,no,Music feature,has feature (inverse) > Music work > composer,Agent,yes,no,yes,bar chart,yes,by frequency,
Sethus,Sethus1-CQ4.3,partial,-,Is the ambiguity observed here specific to particular groups of works?,yes,yes,no,yes,,Collection: composition,no,Music feature,has feature (inverse),Music work,yes,no,yes,bar chart,yes,by frequency,
Sofia,Sofia1-CQ1.2,full,-,"What is the time relationship between different musicians, e.g. who was working at the same time?",yes,no,no,no,Musical performance: performer,Musical performance: date,no,Agent,any,Agent,yes,no,yes,graph network,yes,by timespan,
Sofia,Sofia1-CQ1.2,full,A,At what time was a musician working?,yes,no,no,no,Musical performance: performer,Musical performance: date,no,Agent,hasInstrumentOrVoice (inverse) > Musical performance > date,Timespan,yes,yes,yes,timeline,yes,by frequency,
Sofia,Sofia1-CQ1.3,full,-,"What relationships exist between institutions, e.g. employment of the same musicians; and between people and institutions, e.g. between a number of composers and a printer?",yes,no,no,no,,Performer: employer,no,Agent,any,Agent,yes,no,yes,graph network,yes,multiple,
Sofia,Sofia1-CQ1.3,full,A,Which is the employer of a musician?,yes,no,no,no,,Performer: employer,no,Agent,employer,Agent,yes,no,no,,yes,by count ,
Sonia,Sonia1-CQ1,full,-,What is the musical piece that the persona selects?,yes,no,no,yes,,,yes,Music work,title > Annotation; composer > Agent ; date > Timespan,property value,yes,no,no,,no,,
Sonia,Sonia1-CQ2,full,-,With which image/textual information/multimedia/musical piece is the selected musical piece connected to inside/outside the playlist?,yes,no,no,yes,"Music work: date, place of production, composer; Musical performance: performer, place of production",,yes,Music work,related to,Source,maybe,maybe,no,,no,,
Sonia,Sonia1-CQ5,full,-,Who is/are the composer(s)/musician(s) of the musical piece?,yes,no,no,no,"Music work: composer; Musical performance: performer, musical composition",,yes,Music work,composer,Agent,yes,no,no,,no,,
Sonia,Sonia1-CQ6,full,-,What information is available for the composer(s)/musician(s)?,yes,no,no,no,"Performer: role, medium of performance",,yes,Agent,any,Annotation,yes,yes,no,,no,,
Sonia,Sonia1-CQ7,full,-,When/Where was the musical piece recorded?,yes,no,no,no,"Musical performance: place, date",,yes,Music work,place of recording > Place; date > Timespan,property value,yes,maybe,no,,no,,
Sonia,Sonia1-CQ8,full,-,"Has another musical piece ""the user likes"" been recorded in the same venue?",yes,no,no,yes,"Musical performance: place, musical composition",,yes,Music work,place of recording > Place > place of recording (inverse),Music work,maybe,yes,no,,no,,
Sonia,Sonia1-CQ9,full,,"Are there excerpts of the lyrics available for a musical piece? If yes, which are they?",yes,no,no,no,,Musical work: lyrics,no,Music work,text,Annotation,yes,maybe,no,,no,,
Sonia,Sonia2-CQ2,full,-,Is a musical piece connected to another musical piece by historical event?,yes,no,no,no,,,no,Music work,any > Event > any,Music work,no,yes,maybe,,maybe,by frequency,
Sonia,Sonia2-CQ6,full,-,Is a musical piece connected to another musical piece by common people?,yes,no,no,no,"Music work: composer; Musical performance: performer, musical composition",,yes,Music work,any > Agent > any,Music work,maybe,yes,maybe,graph network,maybe,by frequency,
Sofia,Sofia1-CQ1,partial,-,"What was the composer’s network (patrons, institutions …)?",yes,no,yes,no,,Performer: relatedTo,no,Agent,any,Agent,yes,no,yes,graph network,yes,by frequency,
Sofia,Sofia1-CQ1.1,partial,-,What is the “intellectual framework” of a musician? which explains why certain music was played and how it was played,yes,no,yes,no,,_vague,no,Agent,any,Agent,yes,no,yes,graph network,yes,by frequency,
Sofia,Sofia1-CQ2,partial,-,"What relationships exist between different sources of information, e.g. payslips and accounts?",yes,no,yes,no,,_vague,no,Source,any,Source,yes,yes,maybe,graph network,no,,
Sofia,Sofia2-CQ7,partial,-,"In early written music, what is left of the preceding unwritten tradition?",yes,yes,no,no,Music work: date,,no,Music work,unclear,Music work,maybe,maybe,maybe,graph network,maybe,,
Sofia,Sofia2-CQ7.1,partial,-,What are the sources the musician used?,yes,no,yes,no,"Music work: composer, source",,no,Agent,composer (inverse) > Music work > related to,Source,yes,no,no,,no,,
Sofia,Sofia2-CQ7.2,partial,-,"What sources, musicians, traditions influenced the musician?",yes,yes,no,no,"Music work: composer, source",,no,Agent,composer (inverse) > Music work > unclear,Agent,yes,no,no,,no,,
Sofia,Sofia2-CQ8,partial,-,"How does the corpus of a composer compare with that of other composers, particularly those writing at the same time?",yes,yes,yes,no,Music work: composer,,no,Collection,composition > Music work > any,Annotation,maybe,yes,yes,bar chart,maybe,,
Sonia,Sonia1-CQ11,partial,-,Which is the source of the excerpt of the lyrics?,yes,no,yes,no,,Musical work: lyrics,no,Annotation,source,Source,maybe,maybe,no,,no,,
Sonia,Sonia1-CQ12,partial,,"Is there a person mentioned in the excerpt of the lyrics? If yes, what background information is available for him/her?",yes,no,yes,no,Musical work: source,Musical work: lyrics; Source: hasSubject,no,Annotation,subject,Agent,maybe,maybe,,,no,,
Sonia,Sonia2-CQ1,partial,-,What is the connection between two musical pieces?,yes,yes,yes,no,Music work: all; Musical performance: all,,yes,Music work,any,Music work,maybe,maybe,maybe,graph network,maybe,by frequency,
Sonia,Sonia2-CQ3,partial,-,Which feature is selected to create the shuffle?,yes,yes,yes,yes,,,yes,Collection,type,Type,yes,no,no,,no,,"MD: this question seems odd. If it's a shuffle, the criterion should be random, right?"
Sonia,Sonia2-CQ5,partial,-,Which is the immediate previous/next musical piece?,yes,yes,yes,yes,Music work: all; Musical performance: all,,yes,Music work,follows (in playlist),Music work,yes,no,no,,no,,
William,William1- CQ10,full,,"Inspect the degree to which metadata fields have been filled across the collections, see trends and gaps?",yes,no,no,no,all fields filled in for the chosen collections and the works contained in them,Collection: composition,no,Collection,any,Annotation,yes,no,maybe,bar chart,maybe,by frequency,"can also be multiple collections, user may select specific metadata fields"
William,William1- CQ8,full,,Provide overviews of the occurrences of search results across certain time periods or genres.,yes,no,no,no,Music work: date,Musical performance: date,no,Collection,any,Annotation,no,yes,yes,timeline,maybe,,
William,William1- CQ9,full,,What is the relevant metadata for music collections and what do the different fields mean?,yes,no,no,no,all fields filled in for the chosen collections and the works contained in them,Collection: all,no,Collection,any,Annotation,yes,no,no,,maybe,,"can also be multiple collections, user may select specific metadata fields. We can derive the used metadata fields dynamically, or they could be part of the data model for a collection. We also need to show metadata field descriptions here, this is missing from the model at present"
William,William1-CQ1,full,,In which collections/datasets does a song occur?,yes,no,no,no,,Collection: composition,no,Music work,part of,Collection,yes,maybe,no,,maybe,,"how do we determine 'occurrence'? I'm guessing the IDs will be different, so, matching on title...?"
William,William1-CQ2,full,,In which countries does a song occur?,yes,no,no,no,Music work: place of production,,yes,Music work,place of production,Place,yes,maybe,yes,map,maybe,,"is this about works or performances? How do we model that a song occurs in certain countries, does the Music work get multiple 'place of production', or are there multiple Music works linked in some way, or do we need to match based on titles etc...?"
William,William1-CQ3,full,,Which compositions match with William's thematic focus for the exhibition?,yes,no,no,no,"Music work: place of production, date, genre",,yes,Annotation,any,Music work,no,yes,no,,yes,by collection,
William,William1-CQ3,full,A,Which is the thematic focus of a composition?,yes,no,no,no,"Music work: place of production, date, genre",,yes,Music work,subject,Annotation,yes,no,no,,no,,user determines the thematic focus themselves by looking at values
William,William1-CQ3,full,B,Which is the thematic focus of an exhibition?,yes,no,no,yes,Collection: subject,,yes,,,,,,,,,,"unless we want to store exhibitions as entities, this is just an idea of the user that they specify in search criteria"
William,William1-CQ4,full,,Which composers and performers are related to these compositions?,yes,no,no,no,"Music work: composer; Musical performance: composition, performer",,yes,,,,,,,,,,
William,William1-CQ4,full,A,Which is/are the composer(s) of a composition?,yes,no,no,no,Music work: composer,,yes,Music work,composer,Agent,yes,no,no,,maybe,,
William,William1-CQ4,full,B,Which is/are the performer(s) of a composition?,yes,no,no,no,"Musical performance: composition, performer",,yes,Music work,has performance > Musical performance > performer,Agent,yes,no,no,,maybe,,
William,William1-CQ6,full,,Under which titles is this song known? (multi-language),yes,no,no,no,Music work: title,,yes,Music work,title,Annotation,yes,no,no,,no,,
William,William1-CQ7,full,,"Providing a visualisation of relations between the relevant countries, compositions, composers and performers in the various collections and their changes over time",yes,no,no,no,"Music work: composer, date, place of production; Musical performance: musical composition, performer, time, place",Collection: composition,no,Collection,any,Annotation,no,yes,yes,graph network,maybe,,
Anna,Anna1-CQ1,none,-,What is the rhythm of the bass line?,no,yes,no,no,,,no,,,,,,,,,,
Anna,Anna1-CQ2,none,-,What is the rhythm of the electronic drum kit?,no,yes,no,no,,,no,,,,,,,,,,
Carolina,Carolina1-CQ20,none,-,How has someone spoken about a musical composition?,no,no,yes,no,,,no,,,,,,,,,,
Carolina,Carolina1-CQ21,none,-,How has someone spoken about a musical performance?,no,no,yes,no,,,no,,,,,,,,,,
David,David1-CQ11,none,-,"What did people ‘make of’, how did they react to, e.g. music?",no,no,yes,no,,,no,,,,,,,,,,
David,David1-CQ12,none,-,Who was the author of a piece of music? e.g. can we identify it by its incipit?,no,yes,no,no,,,no,,,,,,,,,,
David,David1-CQ12,none,B,Can we infer-detect the composer from the incipit?,no,yes,no,no,,,no,,,,,,,,,,
David,David1-CQ13,none,-,How is it possible to identify a composer by analysing the formal aspects of a music piece?,no,yes,no,no,,,no,,,,,,,,,,
David,David1-CQ4,none,-,What was source of money – e.g. for instruments?,no,no,yes,no,,,no,,,,,,,,,,
David,David1-CQ8,none,-,How were instruments sold?,no,no,yes,no,,,no,,,,,,,,,,
David,David1-CQ9,none,-,What was the sales pitch?,no,no,yes,no,,,no,,,,,,,,,,
Keith,Keith1-CQ2,none,-,Can we find music which has a non-obvious relation to some other music?,no,yes,yes,no,,,no,,,,,,,,,,
Keoma,Keoma1-CQ7,none,-,"Are there significant variations in the frequencies between the manually produced sound and the electric sound, such as to have repercussions on the soundscape?",no,yes,no,no,,,no,,,,,,,,,,
Mark,Mark1-CQ4,none,R,What is the musical form of a certain composition?,no,yes,no,no,,,no,,,,,,,,,,
Mark,Mark1-CQ5,none,A,Which tunes share a melodic pattern?,no,yes,no,no,,,no,,,,,,,,,,
Ortenz,Ortenz1-CQ18,none,-,What is the goal of the official sources?,no,no,yes,no,,,no,,,,,,,,,,
Ortenz,Ortenz1-CQ4,none,-,What are the goals of the source?,no,no,yes,no,,,no,,,,,,,,,,
Ortenz,Ortenz1-CQ5,none,-,What is the emotional response of music listeners/authors in both types of sources?,no,no,yes,no,,,no,,,,,,,,,,
Patrizia,Patrizia1-CQ4,none,-,Are there formalized transmission methods that characterize the acquisition of skills related to the bell practice?,no,no,yes,no,,,no,,,,,,,,,,
Sethus,Sethus1-CQ1,none,-,"To which modes Vide homo has been assigned to in Tonalities? Leonhard, Bernhard, Harold, Siegfried, Frans and Alexander relate the motet to the tonus peregrinus. Robert, however, considers the work to be written in the mixolydian mode.",no,yes,no,yes,,,no,,,,,,,,,,
Sethus,Sethus1-CQ1,none,R,Which modes a composition has been assigned to?,no,yes,no,yes,,,no,,,,,,,,,,
Sethus,Sethus1-CQ2,none,-,"Are the criteria on which these interpretations are based true in the score and, if so, to what extent?",no,yes,no,no,,,no,,,,,,,,,,
Sethus,Sethus1-CQ2.1,none,-,What are the cadence points in the work?,no,yes,no,no,,,no,,,,,,,,,,
Sethus,Sethus1-CQ2.2,none,-,What are the part’s ranges? Do they correspond to modal octaves?,no,yes,no,no,,,no,,,,,,,,,,
Sethus,Sethus1-CQ2.2,none,A,What are the part’s ranges?,no,yes,no,no,,,no,,,,,,,,,,
Sethus,Sethus1-CQ2.2,none,B,Do the part’s ranges correspond to modal octaves?,no,yes,no,no,,,no,,,,,,,,,,
Sethus,Sethus1-CQ2.3,none,-,What is the final of the bassus?,no,yes,no,no,,,no,,,,,,,,,,
Sethus,Sethus1-CQ2.4,none,-,What is the last chord?,no,yes,no,no,,,no,,,,,,,,,,
Sethus,Sethus1-CQ2.5,none,-,Are there any melodic patterns related to modality?,no,yes,no,no,,,no,,,,,,,,,,
Sethus,Sethus1-CQ2.6,none,-,To what diatonic environment does the work belong to?,no,yes,no,no,,,no,,,,,,,,,,
Sethus,Sethus1-CQ2.7,none,-,What are the part’s clefs and keys?,no,yes,no,no,,,no,,,,,,,,,,
Sethus,Sethus1-CQ2.8,none,-,Are the theoretical models on which these criteria are based – for example the Zarlinian cadential scheme ^1-^3-^5 – in line with a work?,no,yes,no,no,,,no,,,,,,,,,,
Sethus,Sethus1-CQ2.9,none,-,What is the tension between the expected theoretical criteria and their actual realisation in a work?,no,yes,no,no,,,no,,,,,,,,,,
Sethus,Sethus1-CQ3,none,-,Can one assume that the modal ambiguity evidenced by the analytical interpretations is intended?,no,no,no,no,,,no,,,,,,,,,,
Sethus,Sethus1-CQ4,none,-,"Apart from Lasso’s possible exegetical intentions, what does this work tell us about the status of the modes at this moment in the history of composition?",,,,,,_vague,no,,,,,,,,,,
Sethus,Sethus1-CQ4,none,R,What does a work tell us about the status of the modes at a specific moment in the history of a composition?,,,,,,_vague,no,,,,,,,,,,
Sethus,Sethus1-CQ4.2,none,-,"Do other works come close, in terms of their inner properties, to what is observed here?",no,yes,no,no,,,no,,,,,,,,,,
Sethus,Sethus2-CQ5,none,-,"Search operations should be expressed on either raw-level features (eg melodic lines) or higher-level features (eg modes, cadences, triad patterns, etc.). The systm should retrieve efficiently all sources that match the search pattern, and identifiy pattern occurrences",no,yes,no,no,,,no,,,,,,,,,,
Sethus,Sethus2-CQ6,none,-,A subset can be hierarchically refined based on criteria independant from on another and independant from the initial search pattern. The user can navigate in this hierarchy and refine the search.,no,yes,no,yes,,,no,,,,,,,,,,
Sethus,Sethus2-CQ7,none,-,"At each step, the result set takes the form of a subcorpus organized according to rich relationships, and enriched with user annotations",no,yes,no,yes,,,no,,,,,,,,,,
Sethus,Sethus2-CQ8,none,-,"A result set can be stored (in intention, not in extension) as a Relevant Corpus, and its definition can be revised at any moment",no,no,no,yes,,,no,,,,,,,,,,
Sethus,Sethus2-CQ9,none,-,Navigating through a Relevant Corpus is based on anotation and search patterns,no,yes,no,yes,,,no,,,,,,,,,,
Sofia,Sofia1-CQ3,none,-,"What parallels are there between the composition of music and the use of language, e.g. in the use of rhetorical delivery?",no,yes,yes,no,,,no,,,,,,,,,,
Sofia,Sofia1-CQ3.1,none,-,What rhetorical strategies are used in a piece of music?,no,yes,yes,no,,,no,,,,,,,,,,
Sofia,Sofia1-CQ4,none,-,"Why was a piece of music written to be evocative of something, e.g. the call of a cuckoo?",no,no,yes,no,,,no,,,,,,,,,,
Sofia,Sofia1-CQ4.1,none,-,What does music evoke?,no,yes,yes,no,,,no,,,,,,,,,,
Sofia,Sofia2-CQ10,none,-,"When a musical structure, e.g. a motif, is found in two composers, is one copied from the other, or do they come out of a previous tradition?",no,yes,no,no,,,no,,,,,,,,,,
Sofia,Sofia2-CQ5,none,-,What different motifs exist in a piece of music?,no,yes,no,no,,,no,,,,,,,,,,
Sofia,Sofia2-CQ6,none,-,"What relationships exist in a multi-line piece of music, i.e. over time and between the lines?",no,yes,no,no,,,no,,,,,,,,,,
Sofia,Sofia2-CQ8.1,none,-,"What are the similarities? motifs, harmony, text",no,yes,yes,no,,,no,,,,,,,,,,
Sofia,Sofia2-CQ8.1,none,R,"Which are the repeated melodic-rhythmic patterns (motifs) that appear in multiple pieces?
 Are those melodic-rhythmic patterns related to particular tonalities/ modalities (keys or modes)?",no,yes,no,no,,,no,,,,,,,,,,
Sofia,Sofia2-CQ8.1,none,A,Which is the motif of a composition?,no,yes,no,no,,,no,,,,,,,,,,
Sofia,Sofia2-CQ8.1,none,B,Which is the harmony of a composition?,no,yes,no,no,,,no,,,,,,,,,,
Sofia,Sofia2-CQ8.1,none,C,Which is the tonality of a composition?,no,yes,no,no,,,no,,,,,,,,,,
Sofia,Sofia2-CQ8.1,none,D,Which is the modality of a composition?,no,yes,no,no,,,no,,,,,,,,,,
Sofia,Sofia2-CQ9,none,-,"Can we use a statistical comparison, or a particular ‘thumbprint’ in the music, to identify the composer of a piece of music?",no,yes,no,no,,,no,,,,,,,,,,
Sonia,Sonia1-CQ10,none,-,Is the excerpt of the lyric featured in other musical pieces?,no,no,yes,no,,,no,Annotation,text (inverse),Music work,yes,maybe,no,,yes,by title,
Sonia,Sonia1-CQ3,none,-,Which is the melodic pattern of the musical piece?,no,yes,no,no,,,no,,,,,,,,,,
Sonia,Sonia1-CQ4,none,-,In which other musical pieces does the melodic pattern appear?,no,yes,no,no,,,no,,,,,,,,,,
Sonia,Sonia2-CQ4,none,-,What are the types of features that are used to create shuffles?,no,no,no,no,,,no,,,,,,,,,,
William,William1-CQ5,none,,In which historical documents is composer X mentioned?,no,no,yes,no,,,no,Agent,subject of,Source,yes,yes,no,,no,,
Ralph,Ralph1-CQ1,full,,Who is the poet (librettist) associated with a text?,yes,no,no,no,Music work: librettist,,,Music work,composer,Agent,yes,yes,no,,no,,
Ralph,Ralph1-CQ2,none,,What is the emotion represented by a portion of text (~140 categories)?,no,no,yes,no,Music work: text,,,Music work,text,Annotation,,,,,,,
Ralph,Ralph1-CQ3,none,,"How do libretto and music relate, e.g. in describing an emotion?",no,yes,yes,no,Music work: text,,,Music work,text,Annotation,,,,,,,
Ralph,Ralph1-CQ4,full,,"How does the presentation (text and music) of a work, e.g. an operatic aria, change over time, and depending on the artist?",yes,no,no,no,Music Work,"Music Work: has performance, date; Presentation: hasTextAndMusic",,Music work,has performance > Musical performance > date > Timespan; text > Annotation,property value,,,yes,timeline,yes,by timespan,
Ralph,Ralph1-CQ5,full,,"How have the music and libretto been influenced by the historical, e.g. social, political and cultural, environment?",yes,no,no,no,Music Work,Music work: related to,,Music work,related to,Event,,,no,,,,
Ralph,Ralph1-CQ6,none,,How can one describe and classify a scenario?,no,no,yes,no ,,,,,,,,,,,,,
Amy,Amy1-CQ1,full,,"Search organs with the possibility to combine searches, based on various features.",yes,no,no,no,Instrument: any,,,Instrument,any,Annotation,no,yes,no,,,,
Amy,Amy1-CQ2,full,,Is XX fact reliable? What are the sources of XX fact?,yes,no,no,no,Event: related to,,,Event,related to,Source,yes,yes,no,,,,
Amy,Amy1-CQ3,full,,What is left from the original organs built by XX organ builder? Where are these original components now?,yes,no,no,no,"Instrument: part, current place",,,Instrument,part > current place,Place,yes,,yes,map,,,
Amy,Amy1-CQ4,full,,Which changes have been made to the original organs? When were these changes made? Who made the changes? To what degree are the organs (or components of organs) in their original state?,yes,no,no,no,"Instrument: builder, current place, date",,,Instrument,part > current place > Place ; part > builder > Agent ; part > date > Timespan,property value,yes,,yes,timeline,,,
Amy,Amy1-CQ5,full,,What are the arthistorical features of the front of the organ? In which style is the organ built?,yes,no,no,no,Instrument: style; has feature,,,Instrument,style ; has feature,Annotation,yes,yes,no,,,,
Amy,Amy1-CQ6,full,,When (and why) was the organ moved? Where was the organ placed originally?,yes,no,no,no,,,,Instrument,moved to > Place ; moved at > Timespan; moved from > Place,property value,maybe,,,,,,
Amy,Amy1-CQ7,full,,Where can more information be found about a specific organ/organ builder/time period/location/etc.? / Which literature or resources contain information about a specific organ/organ builder/time period/location/etc.?,yes,no,no,no,,,,Instrument,related to,Source,yes,,,,,,
Amy,Amy1-CQ8,full,,Which organ builders worked on whose (original organ builder’s) organs?,yes,no,no,no,,,,Instrument,builder ,Agent,yes,yes,no,,yes,by agent,
Paul,Paul1-Q2,none,,"What are the technical features such as pitch, windpressure, and bellow type?",no,yes,no,no,,,,Instrument,has feature,Annotation,yes,yes,no,,,,
Paul,Paul1-Q3,full,,What materials is the casing made of?,yes,no,no,no,,,,Instrument,material,Annotation,yes,yes,no,,,,
Paul,Paul1-Q4,full,,What are the dispositions of all the organs made by XX organ builder?,yes,no,no,no,,,,Instrument,current place,Place,yes,yes,no,,,,
Paul,Paul1-Q5,full,,When have changes been made to the organ? What were these changes? Who made these changes?,yes,no,no,no,,,,Instrument,modified in,Event,yes,no,no,,yes,by timespan,
Paul,Paul2-Q6,full,,Is XX fact reliable? What are the sources of XX fact?,yes,no,no,no,,,,Event,related to,Source,yes,yes,no,,,,
Frank,Frank1-Q1,full,,"Search organs with the possibility to combine searches, based on various features. (In this scenario: city, building, organ builder, disposition)",yes,no,no,no,Instrument: any,,,Instrument,any,Annotation,no,yes,no,,,,
Frank,Frank1-Q2,full,,Which organ builders worked on whose (original organ builder’s) organs?,yes,no,no,no,,,,Instrument,builder ,Agent,yes,no,no,,yes,by count ,
Frank,Frank1-Q3,full,,Who built and/or renovated XX organ?,yes,no,no,no,,,,Instrument,builder ,Agent,yes,no,no,,yes,by count ,
Frank,Frank1-Q4,full,,What was the disposition of the organ at a specific point in time?,yes,no,no,no,,,,Instrument,has feature,Annotation,yes,no,no,,yes,by timespan,
Frank,Frank1-Q5,full,,Which organs have a similar disposition?,yes,no,no,no,,,,Instrument,related to,Instrument,yes,no,no,,,,
Frank,Frank1-Q6,full,,What does the organ look like?,yes,no,no,no,,,,Instrument,picture,Annotation,yes,yes,no,,,,
Frank,Frank1-Q7,full,,What are the arthistorical features of the front of the organ? In which style is the organ built?,yes,no,no,no,,,,Instrument,style ; has feature,Annotation,yes,yes,no,,,,
Frank,Frank1-Q8,full,,What are the decorative elements?,yes,no,no,no,,,,Instrument,style ; has feature,Annotation,yes,yes,no,,,,
Frank,Frank1-Q9,full,,Which organs are built in a similar style?,yes,no,no,no,,,,Instrument,related to,Instrument,yes,no,no,,,,
Laurent,Laurent1-Q1,full,,"Search for a musical content by applying filters (genre, historical period ...).",yes,no,no,yes,,,,Annotation,any,Web resource,yes,yes,no,,yes,by count ,
Laurent,Laurent1-Q2,full,,What types of resources can I find?,yes,no,no,no,,,,Web resource,any,Type,yes,yes,no,,,,
Laurent,Laurent1-Q3,full,,Is the music resource X complete or incomplete?,yes,no,no,no,,,,Web resource,completeness,Annotation,yes,no,,,,,
Laurent,Laurent1-Q4,full,,Is a dataset attached to resource X?,yes,no,no,no,,,,Web resource,related to,Web resource,yes,yes,,,,,
Laurent,Laurent1-Q5,full,,Can a user add resources?,yes,no,no,yes,,,,,,,,,,,,,
Laurent,Laurent1-Q6,full,,How can I share what I find on the site?,yes,no,no,no,,,,,,,,,,,,,
Andrea,Andrea1-Q1,full,,Can I find interesting materials without applying filters?,yes,no,no,no,,,,Text,any,Web resource,,,,,,,
Andrea,Andrea1-Q2,full,,What types of resources can I find?,yes,no,no,no,,,,Web resource,any,Type,yes,yes,no,,,,
Andrea,Andrea1-Q3,full,,Is there a way of visualizing all the materials connected to my interests?,yes,no,no,no,,,,Annotation,any,Web resource,yes,yes,no,,yes,by count ,
Andrea,Andrea1-Q4,full,,Can I keep getting suggestions in real time?,yes,no,no,no,,,,Annotation,any,Web resource,yes,yes,no,,yes,by count ,
Andrea,Andrea1-Q5,full,,How can I share what I find on the site?,yes,no,no,no,,,,,,,,,,,,,
Andrea,Andrea1-Q6,full,,How I personalize my navigation experience without knowing the filtering criteria or the materials' characteristics?,yes,no,no,no,,,,Annotation,any,Web resource,yes,yes,no,,yes,by count ,